City_ID,City,Country,Date,Lat,Lng,Max Temp,Humidity,Cloudiness,Wind Speed
0,Tuktoyaktuk,CA,2023-01-10 03:48:54,69.4541,-133.0374,-11.2,84,20,13.8
1,Albany,US,2023-01-10 03:46:36,42.6001,-73.9662,34.66,79,47,11.56
2,Nabire,ID,2023-01-10 03:48:54,-3.3667,135.4833,86.92,62,54,5.61
3,Sotouboua,TG,2023-01-10 03:48:55,8.5667,0.9833,75.24,18,74,1.95
4,Punta Arenas,CL,2023-01-10 03:48:55,-53.15,-70.9167,48.31,57,75,26.46
5,Port Alfred,ZA,2023-01-10 03:48:56,-33.5906,26.891,72.18,97,100,1.99
6,Jamestown,US,2023-01-10 03:45:33,42.097,-79.2353,35.19,68,100,10.36
7,Santiago Del Estero,AR,2023-01-10 03:47:50,-27.7951,-64.2615,84.65,26,60,6.44
8,Saint-Philippe,RE,2023-01-10 03:48:57,-21.3585,55.7679,80.19,77,7,7.02
9,Kapaa,US,2023-01-10 03:48:57,22.0752,-159.319,79.12,69,0,12.66
10,New Norfolk,AU,2023-01-10 03:48:57,-42.7826,147.0587,74.91,39,72,1.99
11,Cape Town,ZA,2023-01-10 03:45:00,-33.9258,18.4232,63.1,91,75,6.91
12,Kruisfontein,ZA,2023-01-10 03:48:58,-34.0033,24.7314,65.3,73,0,4.07
13,Ribeira Grande,PT,2023-01-10 03:48:58,38.5167,-28.7,59.77,85,100,10.0
14,Tessalit,ML,2023-01-10 03:48:59,20.1986,1.0114,58.05,23,50,12.73
15,Xingcheng,CN,2023-01-10 03:48:59,40.6167,120.7167,38.75,39,16,12.91
16,Butaritari,KI,2023-01-10 03:49:00,3.0707,172.7902,80.83,70,70,17.0
17,Fairmont,US,2023-01-10 03:49:00,39.4851,-80.1426,33.3,89,8,3.91
18,Villahermosa,MX,2023-01-10 03:49:01,17.9833,-92.9167,73.02,90,11,4.83
19,Ucluelet,CA,2023-01-10 03:49:01,48.9329,-125.5528,50.09,88,100,3.0
20,Belyy Yar,RU,2023-01-10 03:49:02,53.6039,91.3903,12.09,74,0,13.42
21,Puerto Ayora,EC,2023-01-10 03:45:38,-0.7393,-90.3518,70.56,91,76,4.23
22,Kawalu,ID,2023-01-10 03:49:03,-7.3817,108.2082,83.61,67,99,4.03
23,Lebu,CL,2023-01-10 03:49:04,-37.6167,-73.65,57.74,93,100,13.87
24,Dikson,RU,2023-01-10 03:49:05,73.5069,80.5464,-37.08,99,54,6.71
25,Ulety,RU,2023-01-10 03:49:05,51.3572,112.4849,20.5,77,100,3.83
26,Klaksvik,FO,2023-01-10 03:49:06,62.2266,-6.589,41.92,80,35,25.23
27,Busselton,AU,2023-01-10 03:49:07,-33.65,115.3333,84.25,43,0,14.38
28,Ushuaia,AR,2023-01-10 03:48:56,-54.8,-68.3,47.86,66,75,24.16
29,Grand Gaube,MU,2023-01-10 03:49:08,-20.0064,57.6608,73.38,88,24,1.99
30,Mar Del Plata,AR,2023-01-10 03:45:08,-38.0023,-57.5575,71.1,88,0,20.0
31,Iqaluit,CA,2023-01-10 03:49:08,63.7506,-68.5145,-20.47,76,0,23.02
32,Cabo San Lucas,MX,2023-01-10 03:46:56,22.8909,-109.9124,71.51,79,0,6.62
33,Vanavara,RU,2023-01-10 03:49:09,60.34,102.2797,-0.8,90,100,13.35
34,Margate,GB,2023-01-10 03:49:10,51.3813,1.3862,40.69,83,77,3.0
35,Springbok,ZA,2023-01-10 03:49:11,-29.6643,17.8865,61.9,35,0,0.22
36,Duarte,US,2023-01-10 03:49:12,34.1394,-117.9773,59.41,89,100,8.01
37,Kudahuvadhoo,MV,2023-01-10 03:49:12,2.6708,72.8944,81.52,72,64,15.77
38,Bredasdorp,ZA,2023-01-10 03:49:13,-34.5322,20.0403,65.41,90,25,2.95
39,Airai,TL,2023-01-10 03:49:14,-8.9266,125.4092,75.04,53,9,3.06
40,Hasaki,JP,2023-01-10 03:49:14,35.7333,140.8333,51.22,35,11,26.69
41,Huarmey,PE,2023-01-10 03:49:15,-10.0681,-78.1522,69.66,81,95,5.82
42,Rikitea,PF,2023-01-10 03:49:16,-23.1203,-134.9692,78.69,72,65,16.87
43,Pisco,PE,2023-01-10 03:49:16,-13.7,-76.2167,69.85,78,0,9.22
44,Sorland,NO,2023-01-10 03:49:17,67.667,12.6934,40.86,72,100,16.71
45,Naze,JP,2023-01-10 03:49:18,28.3667,129.4833,65.32,61,12,15.03
46,Avarua,CK,2023-01-10 03:48:00,-21.2078,-159.775,82.45,89,75,9.22
47,Viet Tri,VN,2023-01-10 03:50:18,21.3019,105.4308,71.55,58,82,1.52
48,Laguna,US,2023-01-10 03:50:19,38.421,-121.4238,53.11,93,0,5.75
49,East London,ZA,2023-01-10 03:50:20,-33.0153,27.9116,74.34,88,100,9.22
50,Hithadhoo,MV,2023-01-10 03:50:20,-0.6,73.0833,80.47,76,100,11.92
51,Port Augusta,AU,2023-01-10 03:47:34,-32.5,137.7667,89.55,28,100,16.44
52,Toamasina,MG,2023-01-10 03:50:21,-18.1667,49.3833,75.2,94,75,2.3
53,Codrington,AU,2023-01-10 03:50:22,-38.2667,141.9667,67.87,61,3,15.23
54,Melito Di Porto Salvo,IT,2023-01-10 03:50:22,37.9222,15.7714,59.22,51,75,8.05
55,Bowen,AU,2023-01-10 03:50:23,-20.0167,148.2333,83.88,61,100,10.42
56,Zeya,RU,2023-01-10 03:50:23,53.75,127.2667,-4.09,92,99,2.42
57,Cap-Chat,CA,2023-01-10 03:50:24,49.1001,-66.6821,19.4,79,100,13.8
58,Chuy,UY,2023-01-10 03:50:24,-33.6971,-53.4616,67.98,81,0,10.29
59,Constitucion,CL,2023-01-10 03:47:12,-35.3333,-72.4167,60.82,88,90,5.86
60,Gay,RU,2023-01-10 03:50:25,51.4666,58.4552,-26.36,99,17,3.27
61,Avera,US,2023-01-10 03:50:25,33.194,-82.5271,40.51,77,75,0.87
62,Arraial Do Cabo,BR,2023-01-10 03:50:26,-22.9661,-42.0278,73.36,94,100,0.0
63,Wewak,PG,2023-01-10 03:50:26,-3.5534,143.6268,84.99,67,84,6.13
64,Portree,GB,2023-01-10 03:50:27,57.4129,-6.1942,42.53,84,100,12.55
65,Bluff,NZ,2023-01-10 03:50:27,-46.6,168.3333,62.28,85,99,6.71
66,Hermanus,ZA,2023-01-10 03:50:28,-34.4187,19.2345,66.79,90,7,4.12
67,De-Kastri,RU,2023-01-10 03:50:28,51.4667,140.7833,4.32,85,14,3.89
68,Victoria,HK,2023-01-10 03:46:17,22.2855,114.1577,68.2,92,100,1.01
69,Barrow,US,2023-01-10 03:50:29,71.2906,-156.7887,-7.58,84,100,10.36
70,Iracoubo,GF,2023-01-10 03:50:29,5.4802,-53.2011,75.36,91,100,11.1
71,Vaini,TO,2023-01-10 03:50:30,-21.2,-175.2,87.96,74,75,12.66
72,Progreso,MX,2023-01-10 03:50:30,21.2833,-89.6667,73.11,77,0,12.66
73,Yaan,NG,2023-01-10 03:50:30,7.3833,8.5667,71.06,20,86,2.91
74,Sola,VU,2023-01-10 03:50:31,-13.8833,167.55,84.87,79,100,9.22
75,Port Elizabeth,ZA,2023-01-10 03:50:31,-33.918,25.5701,67.32,94,75,5.75
76,Tvoroyri,FO,2023-01-10 03:50:32,61.5556,-6.8111,44.78,78,80,22.77
77,Faanui,PF,2023-01-10 03:50:32,-16.4833,-151.75,80.38,74,100,12.39
78,Mahebourg,MU,2023-01-10 03:50:33,-20.4081,57.7,73.26,94,75,0.0
79,Aitape,PG,2023-01-10 03:50:33,-3.1374,142.3475,84.29,70,100,5.57
80,Sept-Iles,CA,2023-01-10 03:47:38,50.2001,-66.3821,10.4,68,75,10.36
81,Paris,FR,2023-01-10 03:49:43,48.8534,2.3488,40.78,92,0,6.91
82,Saskylakh,RU,2023-01-10 03:50:34,71.9167,114.0833,-34.29,96,100,5.26
83,Bonthe,SL,2023-01-10 03:50:34,7.5264,-12.505,73.04,88,27,3.78
84,Pacific Grove,US,2023-01-10 03:50:35,36.6177,-121.9166,54.43,94,75,3.44
85,Batasan,PH,2023-01-10 03:50:35,12.7667,120.7833,80.4,71,100,2.39
86,San Patricio,US,2023-01-10 03:50:36,28.017,-97.5169,66.29,92,86,5.39
87,Northam,GB,2023-01-10 03:50:36,51.0333,-4.2167,45.25,93,100,18.1
88,Tasiilaq,GL,2023-01-10 03:50:37,65.6145,-37.6368,5.85,59,87,5.3
89,Provideniya,RU,2023-01-10 03:50:37,64.3833,-173.3,6.91,51,2,15.99
90,Vestmannaeyjar,IS,2023-01-10 03:45:40,63.4427,-20.2734,37.29,69,15,14.99
91,Port Hedland,AU,2023-01-10 03:50:38,-20.3167,118.5667,89.65,62,0,10.36
92,Ilebo,CD,2023-01-10 03:51:38,-4.3167,20.5833,68.45,98,63,1.03
93,Westerly,US,2023-01-10 03:51:38,41.3776,-71.8273,36.9,74,0,6.91
94,Beringovskiy,RU,2023-01-10 03:51:39,63.05,179.3167,14.9,84,100,10.11
95,Oktyabrskoye,RU,2023-01-10 03:51:39,43.0645,44.7417,1.54,85,16,2.24
96,Lagoa,PT,2023-01-10 03:51:40,39.05,-27.9833,59.41,84,100,21.61
97,Santa Cruz,BO,2023-01-10 03:51:40,-17.8,-63.1667,69.26,94,75,2.3
98,Thompson,CA,2023-01-10 03:51:40,55.7435,-97.8558,12.36,85,100,4.61
99,Labuhan,ID,2023-01-10 03:51:41,-6.8844,112.2051,85.01,66,95,6.13
100,Shimoda,JP,2023-01-10 03:51:41,34.6667,138.95,53.96,45,29,5.06
101,Tommot,RU,2023-01-10 03:51:42,58.9564,126.2925,11.71,95,100,1.57
102,Aklavik,CA,2023-01-10 03:51:42,68.2191,-135.0107,-20.87,94,25,3.18
103,Cidreira,BR,2023-01-10 03:51:43,-30.1811,-50.2056,71.55,82,62,15.9
104,Evensk,RU,2023-01-10 03:51:43,61.95,159.2333,3.81,78,100,6.2
105,Esperance,AU,2023-01-10 03:51:43,-33.8667,121.9,85.3,42,42,10.49
106,Sanmenxia,CN,2023-01-10 03:51:44,34.7747,111.1814,44.6,32,0,11.45
107,Kananga,CD,2023-01-10 03:51:45,-5.8958,22.4178,66.61,94,100,0.87
108,Warri,NG,2023-01-10 03:51:45,5.5167,5.75,73.29,96,44,1.99
109,Ponta Do Sol,PT,2023-01-10 03:51:45,32.6667,-17.1,64.71,78,63,3.42
110,Saldanha,ZA,2023-01-10 03:51:46,-33.0117,17.9442,60.85,95,23,3.29
111,Debica,PL,2023-01-10 03:51:47,50.0515,21.4114,44.49,97,100,2.37
112,Crateus,BR,2023-01-10 03:51:47,-5.1783,-40.6775,74.07,71,92,4.32
113,Hilo,US,2023-01-10 03:51:48,19.7297,-155.09,76.73,75,0,13.8
114,North Myrtle Beach,US,2023-01-10 03:51:31,33.816,-78.68,42.85,91,0,0.0
115,Morlaix,FR,2023-01-10 03:51:48,48.5833,-4.0,50.05,95,100,14.97
116,Usinsk,RU,2023-01-10 03:51:49,65.9939,57.5281,-7.76,89,100,12.46
117,Deer Lake,CA,2023-01-10 03:51:49,49.1667,-57.4316,10.26,92,75,0.0
118,Saint-Louis,SN,2023-01-10 03:51:49,16.3333,-15.0,71.24,13,100,13.73
119,Strathmore,CA,2023-01-10 03:48:04,51.0501,-113.3852,27.81,86,100,8.05
120,Adre,TD,2023-01-10 03:51:50,13.4667,22.2,57.58,34,90,14.52
121,Gamba,GA,2023-01-10 03:51:50,-2.65,10.0,75.79,86,100,3.83
122,Pingliang,CN,2023-01-10 03:51:51,35.5392,106.6861,39.67,49,6,7.58
123,Hobart,AU,2023-01-10 03:51:51,-42.8794,147.3294,75.27,56,40,10.36
124,Nikolskoye,RU,2023-01-10 03:51:52,59.7035,30.7861,15.69,88,100,12.66
125,Matara,LK,2023-01-10 03:51:52,5.9485,80.5353,80.19,72,54,0.56
126,Saint-Joseph,RE,2023-01-10 03:51:53,-21.3667,55.6167,82.78,74,6,3.83
127,Kurmanayevka,RU,2023-01-10 03:51:53,52.5093,52.0675,-26.97,94,5,4.05
128,Carnarvon,AU,2023-01-10 03:51:53,-24.8667,113.6333,82.08,54,6,12.35
129,Uyskoye,RU,2023-01-10 03:51:54,54.3775,60.0047,-28.64,96,11,3.67
130,Soe,ID,2023-01-10 03:51:54,-9.8607,124.284,80.11,56,24,7.9
131,Upernavik,GL,2023-01-10 03:51:54,72.7868,-56.1549,-17.41,96,100,6.87
132,Tautira,PF,2023-01-10 03:51:55,-17.7333,-149.15,78.49,83,100,10.45
133,Pevek,RU,2023-01-10 03:51:55,69.7008,170.3133,-10.7,94,100,1.99
134,Imeni Babushkina,RU,2023-01-10 03:52:56,59.7573,43.1285,-18.11,92,7,7.02
135,Georgetown,MY,2023-01-10 03:48:43,5.4112,100.3354,87.73,77,20,6.91
136,Maunabo,PR,2023-01-10 03:52:56,18.0072,-65.8993,75.04,90,10,8.9
137,Nanortalik,GL,2023-01-10 03:52:57,60.1432,-45.2371,27.46,71,100,9.1
138,Norman Wells,CA,2023-01-10 03:52:57,65.282,-126.8329,1.44,85,100,8.05
139,Husavik,IS,2023-01-10 03:52:58,66.0449,-17.3389,34.23,99,100,13.31
140,Abu Dhabi,AE,2023-01-10 03:50:53,24.4667,54.3667,68.11,71,0,9.22
141,Souillac,MU,2023-01-10 03:52:58,-20.5167,57.5167,71.98,94,75,0.0
142,Portland,US,2023-01-10 03:52:35,45.5234,-122.6762,49.24,91,100,11.5
143,Kloulklubed,PW,2023-01-10 03:52:59,7.0419,134.2556,81.14,81,93,26.66
144,Omboue,GA,2023-01-10 03:52:59,-1.5746,9.2618,73.72,90,100,4.88
145,Luderitz,NA,2023-01-10 03:53:00,-26.6481,15.1594,64.29,79,6,6.13
146,Oistins,BB,2023-01-10 03:53:00,13.0667,-59.5333,77.09,78,40,14.97
147,Bilma,NE,2023-01-10 03:53:01,18.6853,12.9164,52.29,38,7,9.17
148,Flin Flon,CA,2023-01-10 03:53:01,54.7682,-101.865,12.97,95,100,6.98
149,Bodri,IN,2023-01-10 03:53:02,23.1667,81.4333,66.31,22,0,3.49
150,Lorengau,PG,2023-01-10 03:53:03,-2.0226,147.2712,84.63,69,74,4.59
151,Yellowknife,CA,2023-01-10 03:53:03,62.456,-114.3525,10.92,92,100,2.3
152,Maloy,NO,2023-01-10 03:53:04,61.9353,5.1136,44.73,71,89,18.5
153,Dudinka,RU,2023-01-10 03:53:05,69.4058,86.1778,-41.39,86,23,12.44
154,Prescott,US,2023-01-10 03:50:05,34.54,-112.4685,45.66,57,0,1.01
155,Aasiaat,GL,2023-01-10 03:53:06,68.7098,-52.8699,-4.29,100,100,4.9
156,Lavrentiya,RU,2023-01-10 03:53:06,65.5833,-171.0,-5.71,88,4,8.68
157,Barcelona,ES,2023-01-10 03:48:35,41.3888,2.159,51.71,69,20,9.22
158,Nakamura,JP,2023-01-10 03:53:07,32.9833,132.9333,55.62,34,0,1.68
159,Ketchikan,US,2023-01-10 03:48:26,55.3422,-131.6461,37.87,81,0,8.05
160,Valdosta,US,2023-01-10 03:49:34,30.8327,-83.2785,47.98,84,0,0.0
161,Berlevag,NO,2023-01-10 03:53:09,70.8578,29.0864,26.6,79,20,27.63
162,Botwood,CA,2023-01-10 03:53:09,49.1499,-55.3482,15.91,81,100,2.35
163,Myaundzha,RU,2023-01-10 03:53:10,63.0494,147.1858,-46.16,98,45,1.99
164,Monrovia,LR,2023-01-10 03:48:35,6.3005,-10.7969,73.17,88,7,2.86
165,Molina,CL,2023-01-10 03:53:11,-35.1167,-71.2833,64.13,68,46,5.75
166,Sioux Lookout,CA,2023-01-10 03:53:11,50.1001,-91.917,17.67,93,100,8.05
167,Aquiraz,BR,2023-01-10 03:53:12,-3.9014,-38.3911,81.18,76,99,11.43
168,Sampang,ID,2023-01-10 03:53:12,-7.1872,113.2394,83.55,67,82,2.95
169,Mackay,AU,2023-01-10 03:53:12,-21.15,149.2,84.13,64,100,14.45
170,Mamallapuram,IN,2023-01-10 03:53:13,12.6264,80.1722,78.85,64,95,10.85
171,Bengkulu,ID,2023-01-10 03:53:14,-3.8004,102.2655,82.29,70,66,5.46
172,Roma,US,2023-01-10 03:51:56,43.2128,-75.4557,33.96,93,100,12.66
173,Makaryev,RU,2023-01-10 03:53:14,57.8797,43.8069,-35.14,100,38,3.71
174,Bambous Virieux,MU,2023-01-10 03:53:15,-20.3428,57.7575,73.22,94,75,0.0
175,Necochea,AR,2023-01-10 03:53:16,-38.5473,-58.7368,65.77,77,91,14.94
176,Vao,NC,2023-01-10 03:53:16,-22.6667,167.4833,76.46,68,0,21.23
177,Pafos,CY,2023-01-10 03:53:17,34.7667,32.4167,47.98,76,20,8.05
178,Castro,BR,2023-01-10 03:53:17,-24.7911,-50.0119,59.79,98,85,6.67
179,Paysandu,UY,2023-01-10 03:53:18,-32.3214,-58.0756,75.87,32,1,8.28
180,Kennewick,US,2023-01-10 03:53:18,46.2113,-119.1372,40.55,87,9,1.01
181,Kodiak,US,2023-01-10 03:54:19,57.79,-152.4072,38.71,100,100,27.63
182,Tupik,RU,2023-01-10 03:54:20,54.4253,119.9327,14.13,84,100,3.6
183,Geraldton,AU,2023-01-10 03:54:20,-28.7667,114.6,79.21,57,40,14.97
184,Duekoue,CI,2023-01-10 03:54:21,6.7472,-7.3496,66.76,80,32,2.3
185,Katsuura,JP,2023-01-10 03:54:22,35.1333,140.3,50.02,37,1,26.24
186,Gravenhurst,CA,2023-01-10 03:51:59,44.9168,-79.3663,31.57,80,100,10.36
187,Lewiston,US,2023-01-10 03:54:23,44.1003,-70.2148,29.39,87,11,1.83
188,Adrar,MR,2023-01-10 03:54:24,20.5022,-10.0711,60.89,15,100,12.66
189,Sao Filipe,CV,2023-01-10 03:54:24,14.8961,-24.4956,73.63,73,62,10.54
190,Broken Hill,AU,2023-01-10 03:54:25,-31.95,141.4333,96.46,15,85,7.02
191,Qaanaaq,GL,2023-01-10 03:54:26,77.484,-69.3632,-22.36,83,79,5.73
192,Manado,ID,2023-01-10 03:54:27,1.487,124.8455,86.77,70,40,9.22
193,Chalus,IR,2023-01-10 03:54:27,36.655,51.4204,40.46,87,100,0.0
194,Ostrovnoy,RU,2023-01-10 03:54:28,68.0531,39.5131,14.0,87,100,34.94
195,Sao Joao Da Barra,BR,2023-01-10 03:54:29,-21.6403,-41.0511,72.77,97,100,2.42
196,The Valley,AI,2023-01-10 03:54:29,18.217,-63.0578,78.66,70,0,17.16
197,Freetown,SL,2023-01-10 03:54:30,8.484,-13.2299,76.05,65,97,1.77
198,Fayaoue,NC,2023-01-10 03:54:30,-20.65,166.5333,79.72,60,4,10.09
199,Arman,RU,2023-01-10 03:54:31,59.7,150.1667,-14.17,84,12,7.07
200,Yar-Sale,RU,2023-01-10 03:54:31,66.8333,70.8333,-34.96,98,6,7.63
201,Mataura,NZ,2023-01-10 03:54:32,-46.1927,168.8643,74.84,47,100,7.58
202,Namibe,AO,2023-01-10 03:54:32,-15.1961,12.1522,71.02,72,63,3.89
203,Tilichiki,RU,2023-01-10 03:54:33,60.4667,166.1,21.24,93,100,15.32
204,Batagay,RU,2023-01-10 03:54:33,67.6333,134.6333,-50.87,99,71,1.74
205,Thinadhoo,MV,2023-01-10 03:54:34,0.5333,72.9333,80.11,80,100,15.39
206,Peniche,PT,2023-01-10 03:54:34,39.3558,-9.3811,58.1,91,78,5.93
207,Aquin,HT,2023-01-10 03:54:35,18.2833,-73.4,73.44,84,4,2.8
208,Lively,CA,2023-01-10 03:54:35,46.4334,-81.1498,6.01,97,15,3.58
209,Los Llanos De Aridane,ES,2023-01-10 03:54:35,28.6585,-17.9182,62.35,70,75,8.05
210,Ilulissat,GL,2023-01-10 03:54:36,69.2167,-51.1,-12.1,95,81,4.97
211,Atuona,PF,2023-01-10 03:54:36,-9.8,-139.0333,78.69,73,7,15.14
212,Belaya Gora,RU,2023-01-10 03:54:37,68.5333,146.4167,-45.35,100,66,2.37
213,Zyryanka,RU,2023-01-10 03:54:37,65.75,150.85,-48.84,99,49,5.19
214,Umm Lajj,SA,2023-01-10 03:54:37,25.0213,37.2685,63.99,54,0,11.9
215,Kirovskiy,RU,2023-01-10 03:54:38,45.0917,133.5136,11.73,80,21,5.26
216,Dombarovskiy,RU,2023-01-10 03:54:38,50.7587,59.5386,-33.74,100,31,2.42
217,Inirida,CO,2023-01-10 03:54:39,3.8653,-67.9239,71.73,98,75,0.56
218,Santa Marta,CO,2023-01-10 03:54:39,11.2408,-74.199,81.9,82,40,8.05
219,Vangaindrano,MG,2023-01-10 03:54:40,-23.35,47.6,75.9,90,97,5.55
220,Eureka,US,2023-01-10 03:54:40,40.8021,-124.1637,52.25,84,0,1.01
221,Orbetello,IT,2023-01-10 03:54:40,42.4408,11.2196,48.22,73,37,12.08
222,Klyuchi,RU,2023-01-10 03:54:41,52.2667,79.1667,-15.47,93,10,7.87
223,Port Hardy,CA,2023-01-10 03:54:41,50.6996,-127.4199,44.78,81,75,24.16
224,San Ramon,US,2023-01-10 03:54:42,37.7799,-121.978,51.89,91,53,4.56
225,Morogoro,TZ,2023-01-10 03:54:42,-6.8167,37.6667,69.98,100,75,0.0
226,Tynda,RU,2023-01-10 03:54:42,55.1667,124.7167,-5.17,94,100,1.39
227,Sehore,IN,2023-01-10 03:55:43,23.2,77.0833,64.67,28,0,4.36
228,Buchanan,LR,2023-01-10 03:51:17,5.8808,-10.0467,76.46,90,33,1.12
229,Fortuna,US,2023-01-10 03:55:43,40.5982,-124.1573,51.98,78,0,14.97
230,Pudozh,RU,2023-01-10 03:55:44,61.8099,36.5345,2.41,75,84,11.03
231,Biloxi,US,2023-01-10 03:55:44,30.396,-88.8853,44.26,75,97,3.65
232,Oskemen,KZ,2023-01-10 03:55:45,49.9565,82.6119,6.76,71,100,11.18
233,Roebourne,AU,2023-01-10 03:55:45,-20.7833,117.1333,94.17,38,0,9.62
234,Cap Malheureux,MU,2023-01-10 03:55:46,-19.9842,57.6142,73.47,88,24,1.99
235,Bumba,CD,2023-01-10 03:55:46,2.1833,22.4667,73.06,45,83,1.01
236,Ust-Maya,RU,2023-01-10 03:55:46,60.4167,134.5333,-22.52,99,98,3.04
237,Hibbing,US,2023-01-10 03:53:15,47.4272,-92.9377,28.0,39,100,7.34
238,Chokurdakh,RU,2023-01-10 03:55:47,70.6333,147.9167,-32.78,97,99,4.0
239,Itacarambi,BR,2023-01-10 03:55:47,-15.1022,-44.0919,68.68,95,73,0.47
240,Andenes,NO,2023-01-10 03:55:48,69.3143,16.1194,33.78,75,75,17.27
241,Leningradskiy,RU,2023-01-10 03:55:48,69.3833,178.4167,-15.7,97,98,9.22
242,Acapulco,MX,2023-01-10 03:55:49,16.8634,-99.8901,76.01,76,0,5.06
243,Tuatapere,NZ,2023-01-10 03:55:49,-46.1333,167.6833,68.07,68,100,8.08
244,Pervomayskiy,RU,2023-01-10 03:55:50,53.2485,40.2871,0.81,82,7,11.88
245,Hauterive,FR,2023-01-10 03:55:50,46.0901,3.4459,38.16,92,77,3.06
246,Lodja,CD,2023-01-10 03:55:50,-3.4833,23.4333,66.22,99,99,1.5
247,Nemuro,JP,2023-01-10 03:55:51,43.3236,145.575,26.28,62,95,27.09
248,Champerico,GT,2023-01-10 03:55:51,14.3,-91.9167,78.12,73,29,3.6
249,Massape,BR,2023-01-10 03:55:52,-3.5228,-40.3428,73.89,92,71,1.92
250,Baijiantan,CN,2023-01-10 03:55:52,45.6333,85.1833,16.72,92,100,4.34
251,Namatanai,PG,2023-01-10 03:55:52,-3.6667,152.4333,83.95,69,81,5.28
252,Saint George,US,2023-01-10 03:55:49,37.1041,-113.5841,45.95,90,100,4.61
253,Buluang,PH,2023-01-10 03:55:53,13.3068,123.3425,79.3,76,100,7.09
254,Awjilah,LY,2023-01-10 03:55:53,29.1081,21.2869,53.82,87,0,6.71
255,Chapais,CA,2023-01-10 03:55:54,49.7834,-74.8492,6.58,94,100,9.93
256,Saint Anthony,US,2023-01-10 03:55:54,45.0205,-93.218,29.8,91,100,0.0
257,Kpandu,GH,2023-01-10 03:55:55,6.9954,0.2931,73.13,80,8,4.09
258,Mayumba,GA,2023-01-10 03:55:55,-3.432,10.6554,76.91,86,100,4.14
259,Inhambane,MZ,2023-01-10 03:55:55,-23.865,35.3833,68.0,93,20,5.01
260,Shkotovo,RU,2023-01-10 03:55:56,43.3319,132.3625,18.68,44,5,4.47
261,Jalu,LY,2023-01-10 03:55:56,29.0331,21.5482,53.74,80,0,7.05
262,Kavieng,PG,2023-01-10 03:55:57,-2.5744,150.7967,83.77,69,39,3.18
263,Narsaq,GL,2023-01-10 03:55:57,60.9167,-46.05,20.71,70,100,8.9
264,Poli,TZ,2023-01-10 03:55:57,-3.3333,36.8,62.87,100,75,0.0
265,Suifenhe,CN,2023-01-10 03:55:58,44.4,131.1667,20.32,52,28,4.74
266,Puerto Escondido,MX,2023-01-10 03:55:58,15.85,-97.0667,76.21,75,0,5.41
267,Mumford,GH,2023-01-10 03:55:59,5.2618,-0.759,77.88,90,19,4.25
268,Viljoenskroon,ZA,2023-01-10 03:55:59,-27.2084,26.9485,64.45,50,0,2.51
269,Komsomolskiy,UZ,2023-01-10 03:56:00,40.4272,71.7189,36.32,87,75,13.8
270,Cayenne,GF,2023-01-10 03:51:02,4.9333,-52.3333,77.04,94,75,1.14
271,Ramhormoz,IR,2023-01-10 03:56:00,31.28,49.6035,52.61,88,100,9.8
272,Bethel,US,2023-01-10 03:54:12,41.3712,-73.414,34.48,80,5,8.14
273,Kingman,US,2023-01-10 03:56:01,35.1894,-114.053,54.9,54,80,5.01
274,Carutapera,BR,2023-01-10 03:56:01,-1.195,-46.02,75.43,93,92,4.74
275,Sorong,ID,2023-01-10 03:57:02,-0.8833,131.25,84.38,66,100,7.63
276,Severo-Kurilsk,RU,2023-01-10 03:57:03,50.6789,156.125,25.5,61,84,2.77
277,Dergachi,RU,2023-01-10 03:57:03,51.2328,48.7659,-11.29,88,6,7.43
278,Kununurra,AU,2023-01-10 03:52:43,-15.7667,128.7333,94.98,55,68,5.75
279,Altay,CN,2023-01-10 03:55:52,47.8667,88.1167,26.02,96,100,3.71
280,Moron,AR,2023-01-10 03:57:06,-34.6534,-58.6198,77.97,72,6,9.24
281,Tsovagyugh,AM,2023-01-10 03:57:07,40.6303,44.9574,8.74,90,82,1.36
282,Luganville,VU,2023-01-10 03:56:47,-15.5333,167.1667,80.4,88,100,9.31
283,Marshall,US,2023-01-10 03:57:08,34.3834,-86.3333,42.39,75,0,3.44
284,Vila Velha,BR,2023-01-10 03:57:09,-20.3297,-40.2925,76.95,89,0,6.91
285,La Ronge,CA,2023-01-10 03:57:09,55.1001,-105.2842,14.25,92,100,4.61
286,Remanso,BR,2023-01-10 03:57:10,-9.6179,-42.0831,76.17,58,27,3.36
287,Mirador,BR,2023-01-10 03:57:11,-6.3708,-44.3631,71.53,93,85,1.36
288,Banamba,ML,2023-01-10 03:57:11,13.55,-7.45,64.54,18,89,9.26
289,Coihaique,CL,2023-01-10 03:57:12,-45.5752,-72.0662,54.21,71,100,0.0
290,Mount Gambier,AU,2023-01-10 03:57:13,-37.8333,140.7667,71.85,45,0,12.93
291,Chumikan,RU,2023-01-10 03:57:13,54.7183,135.315,-3.75,81,48,16.11
292,Darhan,MN,2023-01-10 03:57:14,49.4867,105.9228,17.92,80,100,1.66
293,Isla Vista,US,2023-01-10 03:57:14,34.4133,-119.861,62.49,91,100,16.11
294,Saint-Francois,FR,2023-01-10 03:55:51,46.4154,3.9054,36.68,93,100,3.44
295,Clyde River,CA,2023-01-10 03:57:15,70.4692,-68.5914,-19.97,76,100,3.56
296,Tres Arroyos,AR,2023-01-10 03:57:15,-38.3739,-60.2798,72.32,53,9,17.4
297,Poum,NC,2023-01-10 03:57:16,-20.2333,164.0167,78.75,67,24,17.43
298,Ahipara,NZ,2023-01-10 03:57:17,-35.1667,173.1667,66.22,87,100,13.42
299,Longyearbyen,SJ,2023-01-10 03:57:17,78.2186,15.6401,31.84,69,75,21.85
300,Alice Springs,AU,2023-01-10 03:57:18,-23.7,133.8833,88.21,40,75,9.22
301,Tiksi,RU,2023-01-10 03:57:18,71.6872,128.8694,-18.49,98,100,6.49
302,Huilong,CN,2023-01-10 03:57:19,31.8111,121.655,49.42,60,6,9.26
303,Lompoc,US,2023-01-10 03:57:19,34.6391,-120.4579,61.79,61,100,35.99
304,Kaeo,NZ,2023-01-10 03:57:20,-35.1,173.7833,65.17,93,100,14.09
305,Mocuba,MZ,2023-01-10 03:57:20,-16.8392,36.9856,72.93,96,92,0.83
306,Vigrestad,NO,2023-01-10 03:57:21,58.5667,5.7,41.59,90,7,4.79
307,Sisimiut,GL,2023-01-10 03:57:22,66.9395,-53.6735,6.91,84,44,9.8
308,Coahuayana,MX,2023-01-10 03:57:22,18.7333,-103.6833,69.91,91,16,4.09
309,Erenhot,CN,2023-01-10 03:57:23,43.6475,111.9767,27.93,49,0,9.04
310,Yanam,IN,2023-01-10 03:57:24,16.7333,82.2167,76.66,57,1,4.05
311,Fiesole,IT,2023-01-10 03:57:25,43.8049,11.2941,43.14,100,5,2.3
312,Estelle,US,2023-01-10 03:57:27,29.8458,-90.1067,55.0,81,82,2.33
313,Torbay,CA,2023-01-10 03:57:27,47.6666,-52.7314,26.58,76,100,12.66
314,Port-Cartier,CA,2023-01-10 03:57:28,50.0334,-66.8654,10.08,83,100,8.77
315,Khatanga,RU,2023-01-10 03:57:29,71.9667,102.5,-28.57,98,100,1.63
316,Lindsay,US,2023-01-10 03:52:59,36.203,-119.0882,59.0,98,100,5.75
317,Manzhouli,CN,2023-01-10 03:57:30,49.6,117.4333,15.01,79,14,4.05
318,Ewing,US,2023-01-10 03:57:30,40.2698,-74.7999,38.53,66,0,5.99
319,Tevaitoa,PF,2023-01-10 03:57:31,-16.7833,-151.5,80.65,75,100,14.29
320,Bodden Town,KY,2023-01-10 03:57:31,19.2833,-81.25,78.8,81,20,6.91
321,Baykit,RU,2023-01-10 03:58:32,61.67,96.37,-9.54,91,100,8.97
322,Kilindoni,TZ,2023-01-10 03:58:32,-7.9139,39.6668,80.33,75,14,2.39
323,Yulara,AU,2023-01-10 03:58:33,-25.2406,130.9889,85.6,46,81,7.34
324,Poso,ID,2023-01-10 03:58:33,-1.3959,120.7524,86.02,59,100,5.41
325,Nanning,CN,2023-01-10 03:58:33,22.8167,108.3167,66.65,78,99,4.0
326,Deder,ET,2023-01-10 03:58:34,9.3167,41.45,54.12,65,14,2.51
327,Ola,RU,2023-01-10 03:58:34,59.5833,151.2833,-12.15,87,23,5.41
328,Huai Yot,TH,2023-01-10 03:58:35,7.7893,99.6348,87.51,72,99,3.33
329,Ginda,IN,2023-01-10 03:58:35,30.6945,78.4932,60.82,21,69,0.92
330,Boende,CD,2023-01-10 03:58:35,-0.2167,20.8667,72.52,74,66,3.29
331,Sampit,ID,2023-01-10 03:58:36,-2.5333,112.95,90.0,53,100,4.0
332,Fukue,JP,2023-01-10 03:58:36,32.6881,128.8419,53.96,54,20,12.66
333,Goderich,CA,2023-01-10 03:58:37,43.7501,-81.7165,34.92,80,94,6.91
334,Mae Ramat,TH,2023-01-10 03:58:37,16.984,98.5166,82.8,40,2,1.77
335,Linares,CL,2023-01-10 03:58:37,-35.85,-71.6,63.93,59,88,2.3
336,Zhicheng,CN,2023-01-10 03:58:38,30.2956,111.5047,55.72,32,0,5.21
337,Camacupa,AO,2023-01-10 03:58:38,-12.0167,17.4833,60.66,97,99,2.89
338,San Cristobal,VE,2023-01-10 03:58:39,7.7669,-72.225,69.98,93,45,1.16
339,Liverpool,GB,2023-01-10 03:58:39,53.4106,-2.9779,43.52,86,99,8.05
340,Saint-Augustin,CA,2023-01-10 03:58:39,51.226,-58.6502,-0.15,86,14,5.77
341,Monaghan,IE,2023-01-10 03:58:40,54.25,-6.9667,42.39,96,100,15.79
342,Paamiut,GL,2023-01-10 03:58:40,61.994,-49.6678,27.86,78,100,9.4
343,Ossora,RU,2023-01-10 03:58:41,59.2353,163.0719,10.08,93,100,11.7
344,Touros,BR,2023-01-10 03:58:41,-5.1989,-35.4608,78.87,78,48,13.62
345,Panzhihua,CN,2023-01-10 03:58:41,26.5851,101.7128,61.52,42,0,1.03
346,Mizdah,LY,2023-01-10 03:58:42,31.4451,12.9801,48.67,42,83,13.02
347,Cullera,ES,2023-01-10 03:58:42,39.1667,-0.25,58.86,66,0,5.01
348,Charlestown,AU,2023-01-10 03:55:40,-32.95,151.6667,79.68,60,0,8.01
349,Caraz,PE,2023-01-10 03:58:43,-9.0486,-77.81,60.91,91,100,2.37
350,Morant Bay,JM,2023-01-10 03:58:44,17.8815,-76.4093,78.42,84,25,3.98
351,Katangli,RU,2023-01-10 03:58:44,51.7102,143.2326,3.65,85,18,6.08
352,Baruun-Urt,MN,2023-01-10 03:58:44,46.6806,113.2792,17.6,79,6,16.46
353,Brae,GB,2023-01-10 03:58:45,60.3964,-1.353,45.09,76,98,20.27
354,College,US,2023-01-10 03:58:45,64.8569,-147.8028,-5.69,98,90,2.75
355,Hay River,CA,2023-01-10 03:58:46,60.8156,-115.7999,8.58,85,100,3.44
356,Luyang,CN,2023-01-10 03:58:46,27.6239,110.0989,59.79,36,0,4.45
357,Talnakh,RU,2023-01-10 03:58:46,69.4865,88.3972,-41.8,83,27,1.32
358,Nizhniy Kuranakh,RU,2023-01-10 03:58:47,58.8353,125.4869,17.01,92,100,10.0
359,Roverud,NO,2023-01-10 03:58:47,60.2521,12.055,33.46,100,100,2.13
360,Ust-Tarka,RU,2023-01-10 03:58:48,55.5672,75.705,-17.03,97,96,9.44
361,Beckley,US,2023-01-10 03:58:48,37.7782,-81.1882,29.32,91,15,1.01
362,Nanga Eboko,CM,2023-01-10 03:58:48,4.6833,12.3667,59.65,47,66,0.54
363,Hami,CN,2023-01-10 03:58:49,42.8,93.45,29.86,46,1,6.44
364,Shonguy,RU,2023-01-10 03:58:49,68.7526,33.146,10.47,72,0,6.71
365,Sarahan,IN,2023-01-10 03:58:50,31.5167,77.8,50.79,32,77,1.77
366,Nyagan,RU,2023-01-10 03:58:50,62.1406,65.3936,-2.2,95,100,5.41
367,Manta,EC,2023-01-10 03:58:51,-0.95,-80.7333,76.78,78,100,5.75
368,Soyo,AO,2023-01-10 03:58:51,-6.1349,12.3689,76.62,88,85,1.52
369,Hirara,JP,2023-01-10 03:59:51,24.8,125.2833,73.67,60,75,16.11
370,Omsukchan,RU,2023-01-10 03:59:52,62.5333,155.8,-37.64,96,37,4.16
371,Rocha,UY,2023-01-10 03:59:52,-34.4833,-54.3333,62.91,96,0,6.64
372,Kuching,MY,2023-01-10 03:59:53,1.55,110.3333,86.22,78,40,3.44
373,Rawson,AR,2023-01-10 03:56:01,-43.3002,-65.1023,66.54,77,80,18.66
374,Faya,SA,2023-01-10 03:59:53,18.3851,42.4509,48.72,54,1,4.81
375,Douentza,ML,2023-01-10 03:59:54,14.9951,-2.9517,66.51,18,85,4.63
376,Chutove,UA,2023-01-10 03:59:54,49.7104,35.1603,19.2,53,100,18.68
377,Okhotsk,RU,2023-01-10 03:59:55,59.3833,143.3,-19.44,82,14,9.28
378,Altamira,BR,2023-01-10 03:59:55,-3.2033,-52.2064,71.19,98,95,3.29
379,Trinidad,BO,2023-01-10 03:59:55,-14.8333,-64.9,71.92,97,84,3.06
380,Nome,US,2023-01-10 03:59:56,64.5011,-165.4064,-4.95,93,5,8.01
381,Algiers,DZ,2023-01-10 03:55:33,36.7525,3.042,53.42,94,40,1.14
382,Coquimbo,CL,2023-01-10 03:59:56,-29.9533,-71.3436,64.13,82,75,5.75
383,Ishigaki,JP,2023-01-10 03:59:57,24.3448,124.1572,73.53,60,75,11.5
384,Aksu,CN,2023-01-10 03:59:57,41.1231,80.2644,30.7,37,94,4.32
385,Sao Lourenco Do Oeste,BR,2023-01-10 03:59:58,-26.3592,-52.8511,60.44,79,78,3.8
386,Raudeberg,NO,2023-01-10 03:59:58,61.9875,5.1352,43.86,71,85,18.03
387,Kavaratti,IN,2023-01-10 03:59:58,10.5669,72.642,81.12,68,11,11.81
388,Bathsheba,BB,2023-01-10 03:59:59,13.2167,-59.5167,77.61,78,40,14.97
389,Kaitangata,NZ,2023-01-10 03:59:59,-46.2817,169.8464,65.82,66,100,5.3
390,Miandrivazo,MG,2023-01-10 04:00:00,-19.5167,45.4667,76.14,86,100,0.25
391,Atbasar,KZ,2023-01-10 04:00:00,51.8,68.3333,-30.53,99,81,4.79
392,Port Keats,AU,2023-01-10 04:00:01,-14.25,129.55,87.44,65,82,10.22
393,Zhigansk,RU,2023-01-10 04:00:03,66.7697,123.3711,-40.14,99,100,10.02
394,Guerrero Negro,MX,2023-01-10 04:00:06,27.9769,-114.0611,59.83,70,100,11.41
395,Wick,GB,2023-01-10 04:00:12,58.4333,-3.0833,41.05,81,77,12.66
396,Bonavista,CA,2023-01-10 04:00:17,48.6499,-53.1147,23.23,64,81,14.58
397,Calama,CL,2023-01-10 04:00:18,-22.4667,-68.9333,53.62,34,0,5.3
398,Atambua,ID,2023-01-10 04:00:21,-9.1061,124.8925,82.47,64,10,6.13
399,Wajima,JP,2023-01-10 04:00:22,37.4,136.9,40.12,55,100,19.71
400,Neryungri,RU,2023-01-10 04:00:23,56.6709,124.6491,1.53,91,100,5.35
401,Abrau-Dyurso,RU,2023-01-10 04:00:25,44.69,37.59,22.46,71,38,9.57
402,Ambulu,ID,2023-01-10 04:00:27,-8.345,113.6058,84.58,67,91,6.26
403,Tiznit,MA,2023-01-10 04:00:29,29.5833,-9.5,54.82,42,1,3.56
404,Heishan,CN,2023-01-10 04:00:30,41.6892,122.1128,35.19,53,3,14.61
405,Biloela,AU,2023-01-10 04:00:20,-24.4167,150.5,82.62,66,39,6.82
406,Sambava,MG,2023-01-10 04:00:36,-14.2667,50.1667,78.08,80,15,6.76
407,Pizarro,CO,2023-01-10 04:00:37,4.9533,-77.366,75.87,89,100,3.56
408,Agnibilekrou,CI,2023-01-10 04:00:38,7.1344,-3.2047,63.84,61,43,1.52
409,Paita,PE,2023-01-10 04:00:38,-5.0892,-81.1144,67.98,82,98,7.85
410,Aiquile,BO,2023-01-10 04:00:39,-18.2041,-65.1807,57.65,84,70,2.39
411,Tiarei,PF,2023-01-10 04:00:39,-17.5333,-149.3333,78.82,80,100,12.06
412,Cherskiy,RU,2023-01-10 04:00:40,68.75,161.3,-20.36,98,100,2.8
413,Nouadhibou,MR,2023-01-10 04:00:40,20.931,-17.0347,67.42,52,2,10.83
414,Ewa Beach,US,2023-01-10 03:57:53,21.3156,-158.0072,75.85,74,0,2.98
415,Hokitika,NZ,2023-01-10 04:00:41,-42.7167,170.9667,70.27,66,100,8.28
416,Sistranda,NO,2023-01-10 04:01:42,63.7256,8.834,42.76,73,100,6.55
417,Olafsvik,IS,2023-01-10 04:01:42,64.8945,-23.7142,33.17,77,80,27.96
418,Richmond,US,2023-01-10 03:58:54,37.5538,-77.4603,37.15,85,0,1.03
419,Helena,US,2023-01-10 03:57:10,46.5927,-112.0361,35.62,90,100,5.75
420,Lata,PT,2023-01-10 04:01:43,40.1629,-8.3327,51.08,94,7,2.66
421,Bytosh,RU,2023-01-10 04:01:44,53.8186,34.0912,18.34,69,100,13.51
422,Kouango,CF,2023-01-10 04:01:44,4.9934,19.9619,71.33,30,19,3.69
423,Burnie,AU,2023-01-10 04:01:45,-41.0667,145.9167,67.14,67,88,8.66
424,Taltal,CL,2023-01-10 04:01:45,-25.4,-70.4833,65.89,79,7,2.48
425,Ampanihy,MG,2023-01-10 04:01:46,-24.7,44.75,74.41,86,95,3.13
426,Mindelo,CV,2023-01-10 03:57:53,16.8901,-24.9804,71.15,68,20,20.71
427,Belawan,ID,2023-01-10 04:01:46,3.7755,98.6832,84.49,71,93,7.23
428,Nyurba,RU,2023-01-10 04:01:47,63.2842,118.3319,-19.17,97,100,5.88
429,Acari,PE,2023-01-10 04:01:47,-15.4311,-74.6158,71.78,74,88,2.62
430,Sao Jose Da Coroa Grande,BR,2023-01-10 04:01:48,-8.8978,-35.1478,77.13,81,59,8.41
431,Port Blair,IN,2023-01-10 04:01:48,11.6667,92.75,82.44,74,20,11.5
432,Atasu,KZ,2023-01-10 04:01:49,48.6814,71.6433,-22.41,100,29,3.76
433,Spremberg,DE,2023-01-10 04:01:49,51.5697,14.3736,44.2,89,100,8.97
434,Tura,IN,2023-01-10 04:01:50,25.5198,90.2201,72.88,39,0,0.92
435,Zhezkazgan,KZ,2023-01-10 04:01:50,47.8043,67.7144,-16.62,76,0,6.71
436,Lasa,IT,2023-01-10 04:01:51,46.6166,10.7002,33.03,94,92,9.1
437,Angoche,MZ,2023-01-10 04:01:51,-16.2325,39.9086,76.71,89,44,3.96
438,Bongandanga,CD,2023-01-10 04:01:51,1.5,21.05,70.02,63,51,1.07
439,Dingle,PH,2023-01-10 04:01:52,10.9995,122.6711,74.1,96,100,10.63
440,Bang Sai,TH,2023-01-10 04:01:52,14.2124,100.4966,84.99,62,100,3.8
441,Meulaboh,ID,2023-01-10 04:01:53,4.1363,96.1285,82.42,67,44,0.98
442,Emba,KZ,2023-01-10 04:01:53,48.8264,58.1442,-21.78,94,6,6.04
443,Viedma,AR,2023-01-10 04:01:54,-40.8135,-62.9967,77.88,52,6,15.61
444,Pangody,RU,2023-01-10 04:01:54,65.85,74.4859,-33.93,93,7,9.95
445,Port Hawkesbury,CA,2023-01-10 04:01:55,45.6169,-61.3485,34.59,90,100,5.75
446,Gravdal,NO,2023-01-10 04:01:55,68.1214,13.5031,32.63,75,87,13.04
447,Serebryanyy Bor,RU,2023-01-10 04:01:56,56.8,124.8,-1.16,91,100,5.26
448,Tifton,US,2023-01-10 04:01:56,31.4505,-83.5085,44.89,89,77,3.78
449,Talaya,RU,2023-01-10 04:01:57,61.3833,152.75,-34.94,100,100,0.22
450,Port-Gentil,GA,2023-01-10 03:57:59,-0.7193,8.7815,79.83,80,100,8.14
451,Abha,SA,2023-01-10 04:01:57,18.2164,42.5053,50.29,53,4,4.45
452,Salalah,OM,2023-01-10 04:01:58,17.0151,54.0924,69.55,80,54,3.02
453,Vilyuysk,RU,2023-01-10 04:01:58,63.7553,121.6247,-17.46,97,100,12.37
454,Kangaatsiaq,GL,2023-01-10 04:01:59,68.3065,-53.4641,5.59,92,100,3.53
455,Ormara,PK,2023-01-10 04:01:39,25.2088,64.6357,70.74,76,4,4.97
456,Cam Ranh,VN,2023-01-10 04:02:00,11.9214,109.1591,73.36,100,75,5.75
457,Nouakchott,MR,2023-01-10 04:02:00,18.0858,-15.9785,69.73,25,100,17.96
458,Kendari,ID,2023-01-10 04:02:01,-3.945,122.4989,86.7,61,100,6.69
459,Pyinmana,MM,2023-01-10 04:02:02,19.7333,96.2167,81.99,31,0,4.25
460,Salinopolis,BR,2023-01-10 04:02:02,-0.6136,-47.3561,78.13,85,100,8.34
461,Adamas,GR,2023-01-10 04:02:03,36.7333,24.4333,60.24,77,98,30.56
462,Comodoro Rivadavia,AR,2023-01-10 04:00:03,-45.8667,-67.5,57.56,65,99,8.03
463,Half Moon Bay,US,2023-01-10 04:03:05,37.4636,-122.4286,53.62,89,100,5.75
464,Luanda,AO,2023-01-10 03:59:01,-8.8368,13.2343,77.0,94,75,2.3
465,Lincoln,US,2023-01-10 04:00:36,40.8,-96.667,36.99,80,4,4.0
466,Tacuarembo,UY,2023-01-10 04:02:03,-31.7333,-55.9833,68.07,73,5,7.05
467,Joshimath,IN,2023-01-10 04:03:09,30.5667,79.5667,56.17,34,88,2.06
468,Salvador,SV,2023-01-10 04:03:09,13.8333,-88.9167,70.05,76,73,1.59
469,Casablanca,MA,2023-01-10 04:00:07,33.5928,-7.6192,48.42,88,0,5.93
470,Huambo,AO,2023-01-10 04:03:10,-12.7761,15.7392,59.56,92,99,1.07
471,Takoradi,GH,2023-01-10 04:03:11,4.8845,-1.7554,78.33,85,33,4.45
472,Portel,BR,2023-01-10 04:03:11,-1.9356,-50.8211,73.15,97,98,3.18
473,Rio Rancho,US,2023-01-10 04:03:13,35.2334,-106.6645,48.27,44,100,3.44
474,Makakilo City,US,2023-01-10 04:03:13,21.3469,-158.0858,74.44,74,0,2.17
475,Flinders,AU,2023-01-10 04:03:14,-34.5833,150.8552,80.19,59,0,7.0
476,Domoni,KM,2023-01-10 04:03:15,-12.2569,44.5319,79.92,78,10,3.13
477,Trenggalek,ID,2023-01-10 04:03:15,-8.05,111.7167,84.18,71,76,4.94
478,Lufilufi,WS,2023-01-10 04:03:16,-13.8745,-171.5986,82.38,74,94,23.69
479,Rio Grande,BR,2023-01-10 04:03:17,-32.035,-52.0986,70.81,76,1,14.03
480,Bichura,RU,2023-01-10 04:03:17,50.5881,107.6022,20.03,89,100,0.81
481,Barguzin,RU,2023-01-10 04:03:18,53.6167,109.6167,20.61,87,100,5.44
482,Vilhena,BR,2023-01-10 04:03:19,-12.7406,-60.1458,68.13,98,100,4.65
483,Caucaia,BR,2023-01-10 04:03:20,-3.7361,-38.6531,81.03,76,75,10.36
484,Buala,SB,2023-01-10 04:03:21,-8.145,159.5921,84.24,68,100,8.63
485,Balao,EC,2023-01-10 04:03:22,-2.9167,-79.8167,74.44,86,100,2.51
486,Terrace Bay,CA,2023-01-10 04:00:35,48.7834,-87.1,8.13,95,95,11.52
487,Ugoofaaru,MV,2023-01-10 04:03:23,5.6667,73.0,80.02,77,97,7.78
488,Khalkhal,IR,2023-01-10 04:03:24,37.6189,48.5258,10.49,92,39,7.27
489,Sobolevo,RU,2023-01-10 04:03:25,54.4299,31.8996,20.89,78,100,19.42
490,Ariyalur,IN,2023-01-10 04:03:25,11.1333,79.0833,74.55,66,7,12.17
491,Ngunguru,NZ,2023-01-10 04:03:26,-35.6167,174.5,64.89,93,100,24.92
492,Mon,IN,2023-01-10 04:03:27,26.75,95.1,68.02,38,0,3.33
493,Zabid,YE,2023-01-10 04:03:27,14.1951,43.3152,73.94,74,4,2.1
494,Padang,ID,2023-01-10 04:03:28,-0.9492,100.3543,82.45,67,98,3.85
495,Kundgol,IN,2023-01-10 04:03:29,15.25,75.25,64.6,37,3,11.36
496,Lakes Entrance,AU,2023-01-10 04:03:29,-37.8811,147.981,73.17,69,42,12.86
497,Bam,IR,2023-01-10 04:03:30,29.106,58.357,54.45,38,79,3.65
498,Okha,RU,2023-01-10 04:03:30,53.5739,142.9478,-5.6,94,23,10.67
499,Nguru,NG,2023-01-10 04:03:31,12.8791,10.4526,59.74,29,8,10.31
500,Koumac,NC,2023-01-10 04:03:31,-20.5667,164.2833,79.79,59,10,12.93
501,Upington,ZA,2023-01-10 04:03:32,-28.4478,21.2561,73.96,25,2,4.74
502,Nantucket,US,2023-01-10 04:03:33,41.2835,-70.0995,37.51,74,0,14.97
503,Tacna,PE,2023-01-10 04:03:33,-18.0056,-70.2483,62.42,82,0,2.86
504,Iroquois Falls,CA,2023-01-10 04:03:34,48.7669,-80.6831,-2.88,99,99,5.37
505,Sur,OM,2023-01-10 04:03:34,22.5667,59.5289,72.03,69,0,9.01
506,Libreville,GA,2023-01-10 04:00:33,0.3925,9.4537,77.7,84,90,3.04
507,Muli,MV,2023-01-10 04:03:35,2.9167,73.5667,81.0,73,31,16.55
508,Kot Kapura,IN,2023-01-10 04:03:35,30.5833,74.9,58.5,39,1,4.45
509,Launceston,AU,2023-01-10 04:04:36,-41.45,147.1667,77.61,50,100,6.91
510,Grimshaw,CA,2023-01-10 04:04:36,56.1834,-117.6027,14.2,97,100,3.22
511,Paramonga,PE,2023-01-10 04:04:37,-10.6667,-77.8333,69.37,83,74,5.68
512,Porto Novo,BJ,2023-01-10 04:04:37,6.4965,2.6036,75.29,91,28,4.07
513,Mandalgovi,MN,2023-01-10 04:04:38,45.7625,106.2708,23.49,56,96,9.28
514,Kamenka,RU,2023-01-10 04:04:38,51.3223,42.7678,-2.69,84,5,8.84
515,Caravelas,BR,2023-01-10 04:04:39,-17.7125,-39.2481,74.86,91,100,5.26
516,Muriwai Beach,NZ,2023-01-10 04:04:39,-36.8167,174.45,65.43,94,100,17.13
517,Saint-Georges,GD,2023-01-10 04:04:39,12.0564,-61.7485,76.84,81,34,14.92
518,Bartica,GY,2023-01-10 04:04:40,6.4,-58.6167,73.72,99,95,1.28
519,Beipiao,CN,2023-01-10 04:04:40,41.7919,120.7792,33.71,29,4,9.17
520,Mount Darwin,ZW,2023-01-10 04:04:41,-16.7725,31.5838,65.68,98,92,2.86
521,Anloga,GH,2023-01-10 04:04:41,5.7947,0.8973,78.69,86,91,4.74
522,Ignacio Zaragoza,MX,2023-01-10 04:04:42,28.3833,-107.2167,44.08,28,0,2.06
523,Ajaccio,FR,2023-01-10 04:04:42,42.0,8.9167,50.05,54,100,19.57
524,San Andres,CO,2023-01-10 04:04:43,12.5847,-81.7006,80.62,78,20,6.91
525,Manbij,SY,2023-01-10 04:04:43,36.5281,37.9549,37.13,54,0,4.38
526,Presidencia Roque Saenz Pena,AR,2023-01-10 04:04:44,-26.7852,-60.4388,75.6,39,2,5.97
527,Teya,RU,2023-01-10 04:04:44,60.3778,92.6267,-14.48,91,100,11.25
528,Vardo,NO,2023-01-10 04:04:45,70.3705,31.1107,22.98,86,75,34.52
529,Birjand,IR,2023-01-10 04:04:45,32.8663,59.2211,43.27,75,75,11.5
530,Oranjestad,AW,2023-01-10 04:00:32,12.524,-70.027,78.91,86,1,1.99
531,Iwanai,JP,2023-01-10 04:04:46,42.9744,140.5089,27.36,70,100,15.61
532,Zachary,US,2023-01-10 04:04:46,30.6485,-91.1565,46.74,93,0,0.0
533,Uchiza,PE,2023-01-10 04:04:46,-8.4592,-76.4633,69.08,97,83,2.24
534,Abhar,IR,2023-01-10 04:04:47,36.1468,49.218,20.21,88,100,6.69
535,Jinan,CN,2023-01-10 04:04:47,36.6683,116.9972,45.39,20,0,4.25
536,Bafoulabe,ML,2023-01-10 04:04:48,13.8065,-10.8321,74.28,15,99,5.46
537,Dagana,MR,2023-01-10 04:04:48,16.5165,-15.5068,74.43,13,100,16.78
538,Mandal,IN,2023-01-10 04:04:49,25.45,74.5667,65.35,43,0,3.15
539,Hovd,MN,2023-01-10 04:04:49,48.0056,91.6419,22.3,62,52,6.73
540,Ghanzi,BW,2023-01-10 04:04:50,-21.5667,21.7833,69.57,39,36,9.73
541,Shimanovsk,RU,2023-01-10 04:04:50,52.0,127.7,3.51,88,94,3.96
542,Goba,ET,2023-01-10 04:04:51,7.0167,39.9833,49.68,74,82,1.05
543,Novoagansk,RU,2023-01-10 04:04:51,61.9449,76.6625,-34.56,96,45,7.23
544,Lapua,FI,2023-01-10 04:04:51,62.9693,23.0088,22.33,92,100,8.55
545,Vicuna,CL,2023-01-10 04:04:52,-30.0319,-70.7081,55.13,67,1,1.5
546,Praia,CV,2023-01-10 04:04:52,14.9215,-23.5087,70.34,83,20,11.5
547,Bud,US,2023-01-10 04:04:53,39.447,-86.1758,37.15,78,100,6.82
548,Amparafaravola,MG,2023-01-10 04:04:53,-17.5833,48.2167,70.5,76,93,1.74
549,Poronaysk,RU,2023-01-10 04:04:54,49.2167,143.1167,8.38,77,7,4.47
550,La Carolina,ES,2023-01-10 04:00:59,38.2756,-3.6153,45.07,93,0,2.13
551,Berkak,NO,2023-01-10 04:04:54,62.825,10.0118,29.66,88,100,8.59
552,Fowa,NG,2023-01-10 04:04:55,8.9167,6.4,68.5,24,33,2.89
553,Prado,BR,2023-01-10 04:04:55,-17.3411,-39.2208,74.93,93,100,6.64
554,Mahibadhoo,MV,2023-01-10 04:04:56,3.7833,72.9667,80.87,72,44,13.71
555,Gilbues,BR,2023-01-10 04:01:38,-9.8317,-45.3439,72.73,79,52,1.72
556,Bagdarin,RU,2023-01-10 04:04:56,54.4333,113.6,14.81,82,100,3.4
557,Alofi,NU,2023-01-10 04:05:57,-19.0595,-169.9187,80.28,84,100,16.53
558,Oppdal,NO,2023-01-10 04:05:57,62.5943,9.6912,27.43,88,100,9.53
559,Merauke,ID,2023-01-10 04:05:57,-8.4667,140.3333,85.41,68,67,10.09
560,Seydi,TM,2023-01-10 04:05:58,39.4816,62.9137,24.26,37,98,11.95
561,Manaure,CO,2023-01-10 04:05:58,11.7751,-72.4445,77.77,80,3,8.63
562,Linxia,CN,2023-01-10 04:05:59,35.6003,103.2064,40.59,23,5,2.51
563,Whitehorse,CA,2023-01-10 04:05:59,60.7161,-135.0538,12.97,85,100,0.0
564,Hambantota,LK,2023-01-10 04:06:00,6.1241,81.1185,77.34,83,20,5.75
565,Port Lincoln,AU,2023-01-10 04:06:00,-34.7333,135.8667,71.85,56,4,9.53
566,Ballina,AU,2023-01-10 04:06:01,-28.8667,153.5667,82.78,62,56,14.27
567,Kem,RU,2023-01-10 04:06:01,64.9555,34.5793,6.28,86,100,13.29
568,Axim,GH,2023-01-10 04:06:02,4.8699,-2.2405,77.95,86,52,4.52
569,Requena,ES,2023-01-10 04:06:03,39.4883,-1.1004,47.52,82,0,7.36
570,Vera Cruz,BR,2023-01-10 04:06:04,-12.6333,-41.0333,66.99,96,51,2.46
